piece_name,composer,key,measures_total,file_path,time_signature_raw,time_signature_flat,entity_type,start_bar,end_bar,span_bars,voices,voices_str,confidence,example,justification,piece_id
Valse mélancolique,LYSENKO,b minor,17,tiny-dataset-first-iteration/LYSENKO_Valse_mélancolique_1-16.musicxml,{'Фортепіано': ['3/4']},3/4,THEME,2,5,4,['V0'],V0,high,f#8 | d'4. c'#8 b a# | c'#4. b8 d e | g f# b f# e d | d4 c#8 f# a# b,"In V0, bars 2–5 form a continuous, rhythmically characteristic idea: the initial pickup f#8 leads into two bars of dotted-quarter–eighth patterns (bars 2–3), followed by a contrasting but connected continuation in bars 4–5. The same four-bar configuration (with small internal pitch/rhythm variants) is clearly restated in 10–13, confirming its status as the main thematic unit.",16
Valse mélancolique,LYSENKO,b minor,17,tiny-dataset-first-iteration/LYSENKO_Valse_mélancolique_1-16.musicxml,{'Фортепіано': ['3/4']},3/4,THEME,6,8,3,['V0'],V0,medium-high,d'4. c'#8 b a# | c'#4. b8 d e | f# a g a#~ d c#,"V0 bars 6–8 present a shortened restatement of the thematic material: bars 6–7 closely match the rhythm and contour of bars 2–3, and bar 8 provides a varied continuation analogous in function to bars 4–5. The three-bar span is clearly coherent and recognizably derived from the earlier four-bar theme.",16
Valse mélancolique,LYSENKO,b minor,17,tiny-dataset-first-iteration/LYSENKO_Valse_mélancolique_1-16.musicxml,{'Фортепіано': ['3/4']},3/4,THEME,10,13,4,['V0'],V0,high,d'4. c'#8 b a# | c'#4. b8 d e | g f# b f# e d | d4~ d8 c# f# a#,"V0 bars 10–13 closely parallel bars 2–5 in length, rhythm, and general melodic outlining: the same dotted-quarter–eighth openings in bars 10–11 correspond to 2–3, and bars 12–13 fulfill the same continuation role as 4–5 with only minor variation in bar 13. This constitutes a clear thematic restatement.",16
Valse mélancolique,LYSENKO,b minor,17,tiny-dataset-first-iteration/LYSENKO_Valse_mélancolique_1-16.musicxml,{'Фортепіано': ['3/4']},3/4,THEME,14,16,3,['V0'],V0,medium-high,d'4. c'#8 b a# | c'#4. b8 d e | f# a g f# a#~ d c#,"In V0, bars 14–16 again reproduce the thematic pattern of 6–8: bars 14–15 match the earlier dotted-quarter–eighth figures, and bar 16 supplies a varied continuation. The three-bar unit is clearly a further thematic restatement.",16
Valse mélancolique,LYSENKO,b minor,17,tiny-dataset-first-iteration/LYSENKO_Valse_mélancolique_1-16.musicxml,{'Фортепіано': ['3/4']},3/4,MOTIF,2,2,1,['V0'],V0,high,d'4. c'#8 b a#,"The bar-2 figure d'–c'#–b–a# in V0, with a dotted-quarter–eighth followed by two eighths, is a compact cell that recurs literally in bars 6, 10, and 14. Its consistent rhythmic profile and contour across these bars mark it as a clear motivic unit.",16
Valse mélancolique,LYSENKO,b minor,17,tiny-dataset-first-iteration/LYSENKO_Valse_mélancolique_1-16.musicxml,{'Фортепіано': ['3/4']},3/4,MOTIF,3,3,1,['V0'],V0,high,c'#4. b8 d e,"The bar-3 figure c'#–b–d–e in V0, again with a dotted-quarter–eighth start, is repeated with the same rhythm and intervallic pattern in bars 7, 11, and 15. This repetition as a self-contained cell supports its identification as a distinct motif.",16
Valse mélancolique,LYSENKO,b minor,17,tiny-dataset-first-iteration/LYSENKO_Valse_mélancolique_1-16.musicxml,{'Фортепіано': ['3/4']},3/4,PHRASE,2,5,4,"['V0', 'V2', 'V3']","V0,V2,V3",medium-high,f#8 | d'4. c'#8 b a# | c'#4. b8 d e | g f# b f# e d | d4 c#8 f# a# b || r8 | aA#4 <f# c# e> <f# c# e> | bB <f# b d> <f# b> | r <f# b> <g b> | <f# b>~ <f# a#>8 r r4 || | | | d2 e4 |,"Bars 2–5 form a continuous four-bar unit: V0 carries an unbroken melodic line from the pickup to the end of bar 5, V2 provides steady chordal support, and V3 enters at bar 4 to reinforce the texture. The onset of a clear restatement of the same material at bar 6 marks a plausible phrase boundary after bar 5.",16
Mazurka,LYSENKO,c minor,17,tiny-dataset-first-iteration/LYSENKO_Mazurka_75-91.musicxml,{'Фортепіано': ['3/4']},3/4,THEME,1,5,5,['V0'],V0,medium-high,g'8 c'' g'4 f'8 c' | f' c'' f'4 e'8 b | d' e' f' a' g' r16 g'~ | g'8 g' f'4 e'-8 d' | c' e'- d'4 a-8 g,"In V0 bars 1–5 the upper voice presents a continuous, prominent line with a consistent 3/4 rhythmic shaping and a clearly bounded ascent–descent contour, distinguishable from the following material.",5
Mazurka,LYSENKO,c minor,17,tiny-dataset-first-iteration/LYSENKO_Mazurka_75-91.musicxml,{'Фортепіано': ['3/4']},3/4,MOTIF,6,7,2,['V0'],V0,high,an c' b- c e- b- | f# an g4. g-8,"In V0 bars 6–7 the short chromatic figure built around an–c'–b-–c and its continuation to e- and f#–an–g forms a compact, clearly profiled idea that is later exactly repeated.",5
Mazurka,LYSENKO,c minor,17,tiny-dataset-first-iteration/LYSENKO_Mazurka_75-91.musicxml,{'Фортепіано': ['3/4']},3/4,MOTIF,14,15,2,['V0'],V0,high,an c' b- c e- b- | f# an g4. g-8,"V0 bars 14–15 reproduce the chromatic figure from bars 6–7 with the same pitches and rhythm, confirming it as an intentional recurring motive.",5
Mazurka,LYSENKO,c minor,17,tiny-dataset-first-iteration/LYSENKO_Mazurka_75-91.musicxml,{'Фортепіано': ['3/4']},3/4,THEME,8,12,5,['V0'],V0,medium-high,<d f> g' f'4 e'-8 d' | c' e'- d'8. g16 c'4 | bn8 d' c'8. g16 b-4 | f#8 b- an d g4 | b'-8 g' f'# e'- d' c'~,"In V0 bars 8–12 the melody forms a continuous, contrasting idea characterized by upbeat-like figures into longer tones and a directed motion toward b' then back to c', clearly separated from the preceding phrase.",5
Nocturne,LYSENKO,c# minor,17,tiny-dataset-first-iteration/LYSENKO_Nocturne_1-16.musicxml,{'Фортепіано': ['4/4']},4/4,THEME,2,4,3,['V0'],V0,medium-high,d'#8 c'# c'#16 d'# c'#8 g# f# g# c'#8. a16 | g#8 c#16 d# e4. e'8 e' d'n | d'n16 e' d'8 c'# c'# g# b a trip{c'#} trip{e} trip{a},"Bars 2–4 in V0 form a continuous, rhythmically and melodically coherent span beginning with an upbeat figure to c'#, continuing with the rising g#–c#–d#–e–e' gesture in bar 3, and concluding with the characteristic d'–e'–d' motion and triplet arpeggiation in bar 4. This same three‑bar span is clearly restated later, confirming its thematic role.",7
Nocturne,LYSENKO,c# minor,17,tiny-dataset-first-iteration/LYSENKO_Nocturne_1-16.musicxml,{'Фортепіано': ['4/4']},4/4,THEME,10,12,3,['V0'],V0,medium-high,d'#16 c'# c'# d'# c'# b# c'#8. g#16 f# g# a g# c'#8. a16 | g#8 c#16 d# e4. e'8 e' d'n | d'n16 e' d'8 c'# c'#8. g#16 b a g# a b trip{c'#} trip{e} trip{a},"Bars 10–12 in V0 closely parallel bars 2–4: bar 10 elaborates the initial upbeat figure of bar 2, bar 11 closely matches bar 3, and bar 12 corresponds to bar 4 with similar d'–e'–d' motion and triplet arpeggiation. The rhythmic and melodic correspondence identifies this as a thematic return.",7
Nocturne,LYSENKO,c# minor,17,tiny-dataset-first-iteration/LYSENKO_Nocturne_1-16.musicxml,{'Фортепіано': ['4/4']},4/4,MOTIF,2,2,1,['V0'],V0,high,d'#8 c'# c'#16 d'# c'#8,"The short cell d'#–c'#–(c'#)–d'#–c'# with its specific eighth–sixteenth grouping is a compact, clearly bounded idea in bar 2. A closely matching variant appears at the start of bar 10, supporting its status as a recurring motif within the theme.",7
Nocturne,LYSENKO,c# minor,17,tiny-dataset-first-iteration/LYSENKO_Nocturne_1-16.musicxml,{'Фортепіано': ['4/4']},4/4,MOTIF,3,3,1,['V0'],V0,medium-high,g#8 c#16 d# e4.,"The rising figure g#–c#–d#–e with a sustained e in bar 3 is a short, self‑contained melodic unit. In bar 11 the same contour and rhythm are repeated, indicating a motivic role inside the theme.",7
Nocturne,LYSENKO,c# minor,17,tiny-dataset-first-iteration/LYSENKO_Nocturne_1-16.musicxml,{'Фортепіано': ['4/4']},4/4,PHRASE,2,5,4,"['V0', 'V1']","V0,V1",medium-high,d'#8 c'# c'#16 d'# c'#8 g# f# g# c'#8. a16 | g#8 c#16 d# e4. e'8 e' d'n | d'n16 e' d'8 c'# c'# g# b a trip{c'#} trip{e} trip{a} | g#2 r8 g'# g'# f'# || cC#8 <e c#> <g# e> r <a c#>2 | <cC# c#>8 c#16 d# e8 gG# c# r r4 | cC#8 <e c#> <g# e> r r4 <a c#>8 e | eE <e b> <g# e> bB e r r4,"From the upbeat in bar 2 through bar 4, V0 presents a complete thematic statement, while bar 5 adds a closing gesture with a sustained g#2 in V0 and supporting chords in V1 followed by rest, marking a point of melodic and registral settling. Together these bars form a perceptible phrase unit.",7
Fugue,STEPOVYI,a minor,16,tiny-dataset-first-iteration/STEPOVYI_Fugue_1-16.musicxml,{'Фортепіано': ['4/4']},4/4,THEME,1,3,3,['V0'],V0,high,r4 e' c' b8 a | b4 e b c'# | d' a d'2~,"In V0, bars 1–3 form a continuous, clearly profiled line with consistent rhythm and contour, ending on a sustained d'. The same three-bar span is later restated in V2, supporting its status as thematic material.",4
Fugue,STEPOVYI,a minor,16,tiny-dataset-first-iteration/STEPOVYI_Fugue_1-16.musicxml,{'Фортепіано': ['4/4']},4/4,THEME,10,12,3,['V2'],V2,high,r4 e c b8 a | b4 e b c# | d a d2~,"In V2, bars 10–12 reproduce the melodic shape and rhythm of V0 bars 1–3 at a lower register, confirming this as a thematic restatement.",4
Fugue,STEPOVYI,a minor,16,tiny-dataset-first-iteration/STEPOVYI_Fugue_1-16.musicxml,{'Фортепіано': ['4/4']},4/4,MOTIF,1,2,2,['V0'],V0,high,r4 e' c' b8 a | b4,"The opening V0 gesture from the rest through e'–c'–b–a into the following b is a compact, rhythmically distinct cell that recurs in V2 with the same pattern.",4
Fugue,STEPOVYI,a minor,16,tiny-dataset-first-iteration/STEPOVYI_Fugue_1-16.musicxml,{'Фортепіано': ['4/4']},4/4,MOTIF,10,11,2,['V2'],V2,high,r4 e c b8 a | b4,"In V2, the same rhythmic and intervallic pattern (e–c–b–a into b) appears in bars 10–11, matching the opening V0 cell in contour and duration.",4
Fugue,STEPOVYI,a minor,16,tiny-dataset-first-iteration/STEPOVYI_Fugue_1-16.musicxml,{'Фортепіано': ['4/4']},4/4,PHRASE,1,5,5,['V0'],V0,medium-high,r4 e' c' b8 a | b4 e b c'# | d' a d'2~ | d'8 e' c' d' b e' d' e' | c'2 e'2~,"V0 bars 1–5 form a continuous melodic span: the thematic idea in bars 1–3 leads into an active continuation in bar 4 and then into longer note values and sustained tones in bar 5, creating a locally closed unit.",4
Fugue,STEPOVYI,a minor,16,tiny-dataset-first-iteration/STEPOVYI_Fugue_1-16.musicxml,{'Фортепіано': ['4/4']},4/4,PHRASE,10,16,7,['V2'],V2,medium-high,r4 e c b8 a | b4 e b c# | d a d2~ | d8 e c d b e d e | c2 e~ | e4 d#2 e8 dn | c2~ c8 b c d,"In V2, bars 10–16 present the thematic restatement (10–12) followed by continuation and then progressively longer note values and final c prolongation, forming a single extended melodic unit.",4
Prelude,LYSENKO,C major,15,tiny-dataset-first-iteration/LYSENKO_Prelude_71-85.musicxml,{'Piano': ['4/4']},4/4,THEME,1,4,4,['V0'],V0,high,e'4. e'8 d'8. e'32 d' c'8 b | a c' g4 f8 g b16 a8 g16 | e'4. e'8 d'8. e'32 d' c'8 b | a c' g8. e16 trip{f8} trip{g} trip{g#} c' b,"In V0, bars 1–4 form a continuous, clearly profiled melodic unit: a characteristic dotted opening gesture (bar 1) returns almost literally (bar 3), with contrasting connectors in bars 2 and 4. The material is contiguous, prominent, and internally coherent, supporting its role as the main theme.",10
Prelude,LYSENKO,C major,15,tiny-dataset-first-iteration/LYSENKO_Prelude_71-85.musicxml,{'Piano': ['4/4']},4/4,MOTIF,1,3,3,['V0'],V0,high,e'4. e'8 d'8. e'32 d' c'8 b | e'4. e'8 d'8. e'32 d' c'8 b,"The figure e'–d'–c'–b with its dotted rhythm appears in near-literal repetition in bars 1 and 3 of V0, with the same rhythm and contour, satisfying motivic repetition over two clearly matched occurrences.",10
Prelude,LYSENKO,C major,15,tiny-dataset-first-iteration/LYSENKO_Prelude_71-85.musicxml,{'Piano': ['4/4']},4/4,MOTIF,5,6,2,['V0'],V0,medium-high,a c' gn4 trip{<d f>8} trip{g} trip{g#} a b | a c' gn4 trip{f8} trip{g} trip{g#} e' d',"In V0, bars 5–6 share the opening a–c' and a repeated triplet chromatic figure involving g–g#, with matching basic rhythm and contour across the two bars; this yields a short, recognizable cell despite slight pitch differences.",10
Prelude,LYSENKO,C major,15,tiny-dataset-first-iteration/LYSENKO_Prelude_71-85.musicxml,{'Piano': ['4/4']},4/4,PHRASE,1,4,4,['V0'],V0,medium-high,e'4. e'8 d'8. e'32 d' c'8 b | a c' g4 f8 g b16 a8 g16 | e'4. e'8 d'8. e'32 d' c'8 b | a c' g8. e16 trip{f8} trip{g} trip{g#} c' b,"The V0 line in bars 1–4 forms a single continuous arch, with an initial idea in bars 1–2 returning in bars 3–4 and coming to a local point of rest at the end of bar 4, marking a plausible phrase boundary.",10
Prelude,LYSENKO,C major,15,tiny-dataset-first-iteration/LYSENKO_Prelude_71-85.musicxml,{'Piano': ['4/4']},4/4,SEQUENCE,9,10,2,['V2'],V2,medium-high,<eEn en>16 g c e <eE- e-> g an c <dD d> f# a d <dD- d-> fn g b | <cC c> e g c aA- e- a- c fF c d a- fF aA- d- a-,"In V2, bars 9–10 present continuous sixteenth-note arpeggiated patterns with consistent rhythm and closely related intervallic shapes shifted to new pitch levels in immediate succession, satisfying the criteria for a sequential repetition.",10
Dance,STEPOVYI,A major,15,tiny-dataset-first-iteration/STEPOVYI_Dance_1-15.musicxml,{'Piano': ['4/4']},4/4,THEME,2,7,6,['V0'],V0,high,a4 g#8 e f#16 g# g#8 g# e | a16 e' c'# a g#8 e fn16 f# gn g# g#8 e | a4 c'# d'16 e' f'# e' d' c'# b a | g# f# e8 e g# e4 e | a c'# d'16 e' f'# e' d' c'# b a | g# f# e8 e g# a4 r,"Bars 2–7 in V0 form a continuous, clearly profiled melodic span with internal repetition (bars 4 and 6; 5 and 7) and a clear ending on A with rest in bar 7, making it a coherent thematic statement.",3
Dance,STEPOVYI,A major,15,tiny-dataset-first-iteration/STEPOVYI_Dance_1-15.musicxml,{'Piano': ['4/4']},4/4,THEME,8,13,6,['V0'],V0,high,a' g'#8 e' f'#16 g'# g'#8 g'# e' | a' trip{e''16} trip{c''#} trip{a'} g'#8 e' f'n16 f'# g'n g'# g'#8 e' | a'4 c''# d''16 e'' f''# e'' d'' c''# b' a' | g'# f'# e'8 e' g'# e'4 e' | a' c''# d''16 e'' f''# e'' d'' c''# b' a' | g'# f'# e'8 e' g'# a'4 r,"Bars 8–13 in V0 restate the same melodic material from bars 2–7 an octave higher, with only minor rhythmic variation (e.g., the triplet in bar 9), preserving contour and bar-to-bar patterning.",3
Dance,STEPOVYI,A major,15,tiny-dataset-first-iteration/STEPOVYI_Dance_1-15.musicxml,{'Piano': ['4/4']},4/4,MOTIF,4,4,1,['V0'],V0,high,a4 c'# d'16 e' f'# e' d' c'# b a,"The bar-4 figure in V0 (quarter a–c'# followed by the sixteenth-note arch d'–e'–f'#–e'–d'–c'#–b–a) is a short, self-contained cell that recurs literally in bar 6 and in transposition an octave higher in bars 10 and 12.",3
Dance,STEPOVYI,A major,15,tiny-dataset-first-iteration/STEPOVYI_Dance_1-15.musicxml,{'Piano': ['4/4']},4/4,MOTIF,5,5,1,['V0'],V0,high,g# f# e8 e g# e4 e,"The bar-5 figure in V0 (g#–f#–e followed by repeated e and a return to g# and e) is a compact, rhythmically distinctive unit that is closely repeated in bar 7 and again an octave higher in bars 11 and 13.",3
Dance,STEPOVYI,A major,15,tiny-dataset-first-iteration/STEPOVYI_Dance_1-15.musicxml,{'Piano': ['4/4']},4/4,SEQUENCE,4,6,3,['V0'],V0,high,bar4: a4 c'# d'16 e' f'# e' d' c'# b a | bar6: a c'# d'16 e' f'# e' d' c'# b a,"In V0, bar 6 is a literal repetition of the bar-4 pattern: same pitches, intervals, and rhythm, making it a clear sequential restatement of the bar-4 figure within the theme.",3
Dance,STEPOVYI,A major,15,tiny-dataset-first-iteration/STEPOVYI_Dance_1-15.musicxml,{'Piano': ['4/4']},4/4,SEQUENCE,4,12,9,['V0'],V0,medium-high,bar4: a4 c'# d'16 e' f'# e' d' c'# b a | bar10: a'4 c''# d''16 e'' f''# e'' d'' c''# b' a' | bar12: a' c''# d''16 e'' f''# e'' d'' c''# b' a',"The complete bar-4 pattern in V0 reappears in bars 10 and 12 exactly an octave higher, with identical rhythm and intervallic structure, forming a clear transposed sequence across these measures.",3
Dance,STEPOVYI,A major,15,tiny-dataset-first-iteration/STEPOVYI_Dance_1-15.musicxml,{'Piano': ['4/4']},4/4,PHRASE,2,7,6,['V0'],V0,medium-high,a4 g#8 e f#16 g# g#8 g# e | a16 e' c'# a g#8 e fn16 f# gn g# g#8 e | a4 c'# d'16 e' f'# e' d' c'# b a | g# f# e8 e g# e4 e | a c'# d'16 e' f'# e' d' c'# b a | g# f# e8 e g# a4 r,"Bars 2–7 in V0 form a continuous melodic span that culminates in bar 7 on A followed by a rest, indicating a clear phrase ending for the initial statement of the material.",3
Dance,STEPOVYI,A major,15,tiny-dataset-first-iteration/STEPOVYI_Dance_1-15.musicxml,{'Piano': ['4/4']},4/4,CADENCE,7,7,1,['V0'],V0,medium-high,g# f# e8 e g# a4 r,"In V0, bar 7 moves to a sustained A (tonic in A major) followed by rest, with a slowing rhythmic profile compared to preceding bars, providing melodic closure at the end of the phrase from bars 2–7.",3
Tarantelle,LYSENKO,E- major,16,tiny-dataset-first-iteration/LYSENKO_Tarantelle_41-57.musicxml,{'Фортепіано': ['6/8']},6/8,THEME,1,4,4,['V0'],V0,high,a-8 b'- a'- c' d'- d'n | e'- f' e'- b- c' b- | d'- e'- d'- a- b- a- | c' d'- c' b- c' b-,"Bars 1–4 in V0 form a continuous, rhythmically regular 6/8 melody with closely related two-bar ideas (1–2 and 3–4), clearly standing out as the main melodic material of the excerpt.",14
Tarantelle,LYSENKO,E- major,16,tiny-dataset-first-iteration/LYSENKO_Tarantelle_41-57.musicxml,{'Фортепіано': ['6/8']},6/8,MOTIF,1,2,2,['V0'],V0,high,a-8 b'- a'- c' d'- d'n | e'- f' e'- b- c' b-,"Within the opening theme, bars 1–2 in V0 present a short, repeating three-eighth pattern and similar contour that functions as a compact, recognizable melodic cell.",14
Tarantelle,LYSENKO,E- major,16,tiny-dataset-first-iteration/LYSENKO_Tarantelle_41-57.musicxml,{'Фортепіано': ['6/8']},6/8,SEQUENCE,6,8,3,['V0'],V0,high,b-4 b-8 c'4 c'8 | d'n4 d'8 e'-4 e'-8 | f'4 f'8 g'4 g'8,"In V0, bars 6–8 repeat the same quarter–eighth, quarter–eighth rhythm while shifting the pitch pairs stepwise upward (b–c', d'–e', f'–g'), maintaining intervallic and rhythmic structure in a clear ascending sequence.",14
Tarantelle,LYSENKO,E- major,16,tiny-dataset-first-iteration/LYSENKO_Tarantelle_41-57.musicxml,{'Фортепіано': ['6/8']},6/8,PHRASE,1,4,4,['V0'],V0,high,a-8 b'- a'- c' d'- d'n | e'- f' e'- b- c' b- | d'- e'- d'- a- b- a- | c' d'- c' b- c' b-,Bars 1–4 in V0 form a coherent melodic unit in 6/8 with balanced two-bar subgroups and a clear sense of local completion at the end of bar 4.,14
Polonaise-de-Concert,LYSENKO,E major,16,tiny-dataset-first-iteration/LYSENKO_Polonaise-de-Concert_98-114.musicxml,{'Фортепіано': ['3/4']},3/4,THEME,1,4,4,['V0'],V0,high,an16 g# g# a g# f## g#8 <g# e'>4 <g# e'>8 | <c# a c'#> <e c'# e'> <g# c'# g'#>4~ <g# g'#>8 f'#16 g'# <f# f'#> <e e'> | <c# a c'#>8 <e c'# e'> <b c'# e' b'>4 <b c'n e' b'>8 a'16 b' <a a'> <g# g'#> | <f# f'#> <a a'> <c'n c''n> <e' e''> <g'# g''#>8 <g'# g''#>4 <f'# f''#>16. <e' e''>32,"Bars 1–4 in V0 form a continuous, clearly profiled melodic line with consistent rhythm and contour, distinct from later material and spanning a full multi-bar unit, making it a plausible principal theme.",9
Polonaise-de-Concert,LYSENKO,E major,16,tiny-dataset-first-iteration/LYSENKO_Polonaise-de-Concert_98-114.musicxml,{'Фортепіано': ['3/4']},3/4,MOTIF,6,7,2,['V0'],V0,medium-high,g'# e' g'# b' <d'# g'# d''#>4~ <d'# g'# d''#>8 c''#16 d''# <c'# c''#> <b# b'#> | <c'# g'# c''#> <g# b> <g# e'> <g# e' g'#> <g# e' b'>4~ <g# e' b'>8 c''#16 b' <a a'> <g# g'#>,"In bars 6–7, V0 repeatedly presents a compact arpeggiated figure built on E-major chord tones followed by a short 16th-note turn, a locally coherent and recognizable melodic cell.",9
Suite-4,STEPOVYI,c minor,21,tiny-dataset-first-iteration/STEPOVYI_Suite-4_1-21.musicxml,{'Фортепіано': ['4/4']},4/4,THEME,2,5,4,['V0'],V0,high,r1 | g8 c c bn c2 | b-8 an b- c g4 f | g8 c c bn c4. d16 e- | b-2 g,"In V0, bars 2–5 form a continuous, clearly profiled melodic unit: a characteristic opening figure in bar 2, a complementary continuation in bar 3, a patterned restatement with extension in bar 4, and a closing b-2–g in bar 5. The material is coherent, singable, and distinct from the surrounding rests and later variants.",13
Suite-4,STEPOVYI,c minor,21,tiny-dataset-first-iteration/STEPOVYI_Suite-4_1-21.musicxml,{'Фортепіано': ['4/4']},4/4,THEME,9,12,4,['V0'],V0,medium-high,g8 c' c' bn c'2 | b-8 an b- c' g4 f | d8 g g f# g4. an16 b- | f2 d,"In V0, bars 9–12 present a reprise of the earlier thematic idea: the opening bar 9 closely matches bar 2 in rhythm and contour but in a higher register, and bars 10–12 provide a varied continuation and closure. This passage is clearly related to the first theme while not being an exact literal repeat.",13
Suite-4,STEPOVYI,c minor,21,tiny-dataset-first-iteration/STEPOVYI_Suite-4_1-21.musicxml,{'Фортепіано': ['4/4']},4/4,THEME,17,18,2,['V0'],V0,medium-high,g8 c c bn c2 | b-8 an b- c g2~,"In V0, bars 17–18 give a shortened but clear return of the thematic opening from bar 2: the same g–c–c–bn–c figure in bar 17 followed by a closely related continuation in bar 18, now leading into a sustained g2. The thematic identity is unambiguous despite the truncation.",13
Suite-4,STEPOVYI,c minor,21,tiny-dataset-first-iteration/STEPOVYI_Suite-4_1-21.musicxml,{'Фортепіано': ['4/4']},4/4,MOTIF,2,2,1,['V0'],V0,high,g8 c c bn c2,"The five-note cell g8–c–c–bn–c in bar 2 of V0 is short, rhythmically and melodically distinctive, and it recurs clearly at bars 4, 9, and 17 with the same rhythm and contour, marking it as a central motivic element.",13
Suite-4,STEPOVYI,c minor,21,tiny-dataset-first-iteration/STEPOVYI_Suite-4_1-21.musicxml,{'Фортепіано': ['4/4']},4/4,MOTIF,3,3,1,['V0'],V0,medium-high,b-8 an b- c g4 f,"The figure b-8–an–b-–c–g4–f in bar 3 of V0 is a compact, recognizable unit combining a neighbor motion and a descent. Its rhythm and pitch pattern are closely echoed in bar 10 (with register shift), and the b-–an–b-–c–g portion appears again at bar 18, supporting its identification as a recurring motif.",13
Suite-4,STEPOVYI,c minor,21,tiny-dataset-first-iteration/STEPOVYI_Suite-4_1-21.musicxml,{'Фортепіано': ['4/4']},4/4,PHRASE,2,5,4,"['V0', 'V2', 'V3']","V0,V2,V3",high,r1 | g8 c c bn c2 | b-8 an b- c g4 f | g8 c c bn c4. d16 e- | b-2 g || <cC gG>1~ | <cC gG>~ | gG2. fF4 | gG2. c4 | <gG d>1 || | | cC1 | cC | |,"Bars 2–5 form a 4-bar unit: V0 presents a complete melodic idea that begins with the characteristic figure in bar 2 and comes to rest on g2 in bar 5, while V2 (and low cC in V3 in bars 3–4) provide continuous bass support. The onset at bar 2 and the settling at bar 5 clearly articulate phrase boundaries.",13
Suite-1,STEPOVYI,D major,23,tiny-dataset-first-iteration/STEPOVYI_Suite-1_9-31.musicxml,{'Фортепіано': ['4/4']},4/4,THEME,1,4,4,['V0'],V0,high,<f a f'>4 <f c' f'> <e c' e'> g'8 e' | <f f'> <e e'> <d d'> <c# c'#> <d d'>4 <f f'> | <c# a c'#> a <d b- d'> <e c'n e'>8 <d b- d'> | a2 a4 r,"Bars 1–4 in V0 form a continuous, prominent upper line with consistent rhythm and contour, ending in bar 4 on a sustained a followed by a rest. The 4‑bar span and later near-literal return mark it as the main thematic idea.",12
Suite-1,STEPOVYI,D major,23,tiny-dataset-first-iteration/STEPOVYI_Suite-1_9-31.musicxml,{'Фортепіано': ['4/4']},4/4,THEME,20,23,4,['V0'],V0,high,<fn a f'n>4 <f c'n f'> <e c' e'> g'8 e' | <f f'> <e e'> <d d'> <c# c'#> <d d'>4 <f f'> | <c# g c'#> a <d b- d'> <e c'n e'>8 <d b- d'> | a2 a4 r,"Bars 20–23 in V0 closely match bars 1–4 in length, contour, and rhythm, including the same closing a2 a4 r pattern in bar 23, functioning as a clear reprise of the opening theme.",12
Suite-1,STEPOVYI,D major,23,tiny-dataset-first-iteration/STEPOVYI_Suite-1_9-31.musicxml,{'Фортепіано': ['4/4']},4/4,PHRASE,1,4,4,['V0'],V0,high,<f a f'>4 <f c' f'> <e c' e'> g'8 e' | <f f'> <e e'> <d d'> <c# c'#> <d d'>4 <f f'> | <c# a c'#> a <d b- d'> <e c'n e'>8 <d b- d'> | a2 a4 r,"Bars 1–4 in V0 make a self-contained 4‑bar unit that moves toward and reaches a point of rest on the long a with a following rest in bar 4, giving clear phrase closure.",12
Suite-1,STEPOVYI,D major,23,tiny-dataset-first-iteration/STEPOVYI_Suite-1_9-31.musicxml,{'Фортепіано': ['4/4']},4/4,CADENCE,4,4,1,['V0'],V0,medium-high,a2 a4 r,"In bar 4, the upper voice sustains a followed by a rest (a2 a4 r), lengthening and then stopping the motion and providing local melodic closure at the end of the phrase.",12
Suite-1,STEPOVYI,D major,23,tiny-dataset-first-iteration/STEPOVYI_Suite-1_9-31.musicxml,{'Фортепіано': ['4/4']},4/4,PHRASE,20,23,4,['V0'],V0,high,<fn a f'n>4 <f c'n f'> <e c' e'> g'8 e' | <f f'> <e e'> <d d'> <c# c'#> <d d'>4 <f f'> | <c# g c'#> a <d b- d'> <e c'n e'>8 <d b- d'> | a2 a4 r,"Bars 20–23 in V0 again form a complete 4‑bar unit whose motion leads to a sustained a followed by a rest in bar 23, clearly marking a phrase end.",12
Suite-1,STEPOVYI,D major,23,tiny-dataset-first-iteration/STEPOVYI_Suite-1_9-31.musicxml,{'Фортепіано': ['4/4']},4/4,CADENCE,23,23,1,['V0'],V0,medium-high,a2 a4 r,"Bar 23 repeats the same a2 a4 r closing pattern as bar 4 in the upper voice, with extended duration and rest producing phrase-final melodic closure.",12
Suite-1,STEPOVYI,D major,23,tiny-dataset-first-iteration/STEPOVYI_Suite-1_9-31.musicxml,{'Фортепіано': ['4/4']},4/4,MOTIF,1,2,2,['V0'],V0,medium-high,<f a f'>4 <f c' f'> <e c' e'> g'8 e' | <f f'> <e e'> <d d'> <c# c'#> <d d'>4 <f f'>,"The opening passage in V0 across bars 1–2 has a characteristic rhythm and descending stepwise/third motion that forms a compact, recognizable idea which recurs later with very similar shape.",12
Suite-1,STEPOVYI,D major,23,tiny-dataset-first-iteration/STEPOVYI_Suite-1_9-31.musicxml,{'Фортепіано': ['4/4']},4/4,MOTIF,20,21,2,['V0'],V0,medium-high,<fn a f'n>4 <f c'n f'> <e c' e'> g'8 e' | <f f'> <e e'> <d d'> <c# c'#> <d d'>4 <f f'>,"Bars 20–21 in V0 restate the same rhythmic and contour pattern found in bars 1–2, with only minor pitch inflections, confirming it as a recurring motivic cell.",12
Suite-1,STEPOVYI,D major,23,tiny-dataset-first-iteration/STEPOVYI_Suite-1_9-31.musicxml,{'Фортепіано': ['4/4']},4/4,SEQUENCE,11,16,6,['V2'],V2,medium-high,<g4 f# <cC# c#> <fF# f#> | <f# f#> c# f# c# | c# c# d8 c# d bn | a#4 f# <c# c#> <f# f#> | <f# f'#> c'# f# c'# | c'# c'# d'8 c'# d' bn,"In V2, bars 11–16 present a repeated rhythmic pattern and similar stepwise figures (d–c#–d–bn and its higher counterpart d'–c'#–d'–bn) that are transposed and immediately restated, forming a clear sequential pattern.",12
Valse mélancolique,LYSENKO,B major,17,tiny-dataset-first-iteration/LYSENKO_Valse_mélancolique_48-64.musicxml,{'Фортепіано': ['3/4']},3/4,THEME,3,5,3,['V0'],V0,high,b8 a# c'# d'# e' f'# | g'n c'# r8 g'# c'# f'# | b' a'# g'# f'# e'# e'n,"Bars 3–5 in V0 form a continuous, prominent melodic span with consistent even‑eighth motion and a coherent contour. This material is clearly restated and developed later (e.g., bar 11 reuses the opening measure nearly literally), supporting its role as the main thematic idea of the excerpt.",16
Valse mélancolique,LYSENKO,B major,17,tiny-dataset-first-iteration/LYSENKO_Valse_mélancolique_48-64.musicxml,{'Фортепіано': ['3/4']},3/4,MOTIF,3,3,1,['V0'],V0,high,b8 a# c'# d'# e' f'#,"The six‑note figure at bar 3 in V0 (b–a#–c'–d'–e'–f') is a compact, clearly bounded unit with uniform eighth‑note rhythm. It reappears in bar 11 in the same voice with the same pitches and rhythm, confirming it as a recurring motivic cell.",16
Valse mélancolique,LYSENKO,B major,17,tiny-dataset-first-iteration/LYSENKO_Valse_mélancolique_48-64.musicxml,{'Фортепіано': ['3/4']},3/4,MOTIF,11,11,1,['V0'],V0,high,b8 a# c'# d'# e' f'#,"Bar 11 in V0 repeats the bar‑3 six‑note cell exactly (same pitch sequence and rhythm), demonstrating a literal motivic recurrence.",16
Mazurka,LYSENKO,F major,16,tiny-dataset-first-iteration/LYSENKO_Mazurka_16-32.musicxml,{'Фортепіано': ['3/4']},3/4,THEME,1,8,8,['V0'],V0,medium-high,d''4 <c' f'#>4. d'8 | d''4 trip{f'8} trip{g'} trip{f'} e' d' | c' e' d'4 a8 c' | b d' <a a'>4 <b g'> | c'8 e' d'4 a8 c' | b d' <a a'>4 <b g'>8 f' | e' d' e' f' g' r16 c' | b'2~ b'8 a',"V0 carries a continuous, prominent melodic line from bar 1 to 8 with a clear initial gesture (bar 1–2), an internally repeating idea (bars 3–6), and a registral and rhythmic relaxation in bars 7–8, forming a coherent primary melodic idea.",5
Mazurka,LYSENKO,F major,16,tiny-dataset-first-iteration/LYSENKO_Mazurka_16-32.musicxml,{'Фортепіано': ['3/4']},3/4,MOTIF,3,4,2,['V0'],V0,high,c' e' d'4 a8 c' | b d' <a a'>4 <b g'>,"The two-bar idea in V0 from bar 3 to 4, beginning with c'–e'–d' and continuing to a–c' then b–d' into a chord, is a compact, clearly profiled unit that functions as a recognizable melodic-motivic idea.",5
Mazurka,LYSENKO,F major,16,tiny-dataset-first-iteration/LYSENKO_Mazurka_16-32.musicxml,{'Фортепіано': ['3/4']},3/4,SEQUENCE,3,6,4,"['V0', 'V2']","V0,V2",medium-high,V0: c' e' d'4 a8 c' | b d' <a a'>4 <b g'> | c'8 e' d'4 a8 c' | b d' <a a'>4 <b g'>8 f' || V2: <c e g> <a c f#> d | gG <g c f> <g d f> | <g e g> <a c f#> d | gG <g c f> <g d f>,"Bars 3–4 and 5–6 repeat a closely corresponding two-bar pattern: in V0 the melodic contour and rhythm of the c'–e'–d'→a–c' then b–d'→chord idea recur with only slight extension, and in V2 the chordal pattern and rhythm are restated with the same layout, creating an immediate sequential repetition.",5
Mazurka,LYSENKO,F major,16,tiny-dataset-first-iteration/LYSENKO_Mazurka_16-32.musicxml,{'Фортепіано': ['3/4']},3/4,PHRASE,1,8,8,"['V0', 'V2']","V0,V2",medium-high,V0: d''4 <c' f'#>4. d'8 | d''4 trip{f'8} trip{g'} trip{f'} e' d' | c' e' d'4 a8 c' | b d' <a a'>4 <b g'> | c'8 e' d'4 a8 c' | b d' <a a'>4 <b g'>8 f' | e' d' e' f' g' r16 c' | b'2~ b'8 a' || V2: r4 <a d a>2 | r4 <b d g> r | <c e g> <a c f#> d | gG <g c f> <g d f> | <g e g> <a c f#> d | gG <g c f> <g d f> | <c e>8 d e f g r | r4 <c e>2,"Bars 1–8 form a continuous unit: V0 starts with an initiating gesture, develops through the sequential idea in bars 3–6, and relaxes rhythmically and registrally in bars 7–8, while V2 provides consistent harmonic support; the sustained b'–a and the held chord in bar 8 articulate a point of melodic and textural repose.",5
Prelude,STEPOVYI,A major,16,tiny-dataset-first-iteration/STEPOVYI_Prelude_1-16.musicxml,{'Piano': ['4/4']},4/4,THEME,1,4,4,['V0'],V0,high,c'#4 a e# a | g#4. d8 f#4 e | e f# a c'# | e' f'# e'2,"In V0, bars 1–4 form a continuous, prominent melodic span with coherent contour and rhythm, ending in a longer note value (e'2) that gives local closure. This upper line is clearly distinct from the more accompanimental figuration in V2 and the supporting tones in V1, making it the primary thematic idea of the excerpt.",11
Prelude,STEPOVYI,A major,16,tiny-dataset-first-iteration/STEPOVYI_Prelude_1-16.musicxml,{'Piano': ['4/4']},4/4,PHRASE,1,4,4,['V0'],V0,high,c'#4 a e# a | g#4. d8 f#4 e | e f# a c'# | e' f'# e'2,"The V0 melody from bars 1–4 forms a single, continuous unit that begins with an opening gesture, moves through bars 2–3, and comes to rest on the sustained e'2 in bar 4. The registral and rhythmic settling at the end support interpreting this as one complete phrase.",11
Menuetto,STEPOVYI,b minor,18,tiny-dataset-first-iteration/STEPOVYI_Menuetto_15-33.musicxml,{'Фортепіано': ['3/4']},3/4,THEME,3,6,4,['V0'],V0,high,d8 e e a f# d | e4. f#8 d4 | e8 b b c# d a | c# b b c# a4,"In V0, bars 3–6 form a continuous, rhythmically and melodically coherent idea. The material is clearly bounded by rests in bars 2 and 11 and returns later in closely parallel form, supporting its status as a main thematic unit.",6
Menuetto,STEPOVYI,b minor,18,tiny-dataset-first-iteration/STEPOVYI_Menuetto_15-33.musicxml,{'Фортепіано': ['3/4']},3/4,THEME,7,10,4,['V0'],V0,high,d'8 e' e' a' f'# d' | e'4. f'#8 d'4 | e'8 b b c'# d' a | b c'# c'# a d'4,"In V0, bars 7–10 closely parallel bars 3–6 in rhythm and melodic contour, transposed up an octave with only minor pitch adjustments. This makes 7–10 a clear restatement of the earlier theme.",6
Menuetto,STEPOVYI,b minor,18,tiny-dataset-first-iteration/STEPOVYI_Menuetto_15-33.musicxml,{'Фортепіано': ['3/4']},3/4,MOTIF,3,3,1,['V0'],V0,high,d8 e e a f# d,"The six-note figure in bar 3 of V0 is a compact, distinctive melodic cell whose intervals and rhythm recur in transposition in bar 7.",6
Menuetto,STEPOVYI,b minor,18,tiny-dataset-first-iteration/STEPOVYI_Menuetto_15-33.musicxml,{'Фортепіано': ['3/4']},3/4,MOTIF,7,7,1,['V0'],V0,high,d'8 e' e' a' f'# d',"The six-note figure in bar 7 of V0 closely matches the bar-3 figure in interval pattern and rhythm, transposed by an octave.",6
Menuetto,STEPOVYI,b minor,18,tiny-dataset-first-iteration/STEPOVYI_Menuetto_15-33.musicxml,{'Фортепіано': ['3/4']},3/4,SEQUENCE,3,10,8,['V0'],V0,high,d8 e e a f# d | e4. f#8 d4 | e8 b b c# d a | c# b b c# a4 | d'8 e' e' a' f'# d' | e'4. f'#8 d'4 | e'8 b b c'# d' a | b c'# c'# a d'4,"Bars 7–10 in V0 present an immediate octave transposition of the four-bar structure in 3–6, preserving the rhythmic pattern and internal melodic shapes, forming a clear transpositional sequence.",6
Menuetto,STEPOVYI,b minor,18,tiny-dataset-first-iteration/STEPOVYI_Menuetto_15-33.musicxml,{'Фортепіано': ['3/4']},3/4,PHRASE,3,10,8,['V0'],V0,medium-high,d8 e e a f# d | e4. f#8 d4 | e8 b b c# d a | c# b b c# a4 | d'8 e' e' a' f'# d' | e'4. f'#8 d'4 | e'8 b b c'# d' a | b c'# c'# a d'4,"In V0, bars 3–10 form a continuous melodic span made of two closely parallel four-bar segments, with rests before bar 3 and after bar 10 and a relatively more stable ending on d' in bar 10, supporting its interpretation as a single phrase.",6
Bez-tebe-Olesiu,LYSENKO,g minor,18,tiny-dataset-first-iteration/LYSENKO_Bez-tebe-Olesiu_25-43.musicxml,"{'Фортепіано': ['4/4', '2/4', '4/4']}",4/4,THEME,1,4,4,['V0'],V0,high,g4 g e'-8 d' g'4 | d'2 c'8 b- a4 | b- c'8 b-4 a d' | <b- d g>2. r4,"V0 bars 1–4 form a continuous, prominent melodic line in g minor that opens the excerpt and comes to a clear point of repose on a sustained tonic sonority in bar 4, with rhythmic and registral settling.",1
Bez-tebe-Olesiu,LYSENKO,g minor,18,tiny-dataset-first-iteration/LYSENKO_Bez-tebe-Olesiu_25-43.musicxml,"{'Фортепіано': ['4/4', '2/4', '4/4']}",4/4,MOTIF,1,2,2,['V3'],V3,medium-high,bB-8 d g b- c c d e- c | b- d g e- d c e-,"In V3 bars 1–2, a short pattern built from g-minor arpeggiation and adjacent scalar motion is stated and then restated with closely related pitches and rhythm, forming a recognizable accompanimental figure.",1
Bez-tebe-Olesiu,LYSENKO,g minor,18,tiny-dataset-first-iteration/LYSENKO_Bez-tebe-Olesiu_25-43.musicxml,"{'Фортепіано': ['4/4', '2/4', '4/4']}",4/4,MOTIF,9,10,2,['V3'],V3,medium-high,<e- g>8 b- c d <c e-> f <f g> a | <c e-> d <e- c> e-,"V3 in bars 9–10 presents a consistent eighth‑note pattern based on broken thirds that recurs with similar intervallic and rhythmic shape, functioning as a distinct accompanimental figure.",1
Bez-tebe-Olesiu,LYSENKO,g minor,18,tiny-dataset-first-iteration/LYSENKO_Bez-tebe-Olesiu_25-43.musicxml,"{'Фортепіано': ['4/4', '2/4', '4/4']}",4/4,PHRASE,1,4,4,"['V0', 'V1', 'V3']","V0,V1,V3",high,g4 g e'-8 d' g'4 | d'2 c'8 b- a4 | b- c'8 b-4 a d' | <b- d g>2. r4 || r4 d g <g c'> | g r g2~ | g4 g e- <c f#> | || bB-8 d g b- c c d e- c | b- d g e- d c e- | d d e- e- c c d dD | gG gG bB- d g4 r,"Bars 1–4 form a coherent opening phrase: the melodic idea in V0 unfolds continuously and arrives on a sustained tonic chord with rest in bar 4, while V1 and V3 provide supporting material that also come to rest.",1
Bez-tebe-Olesiu,LYSENKO,g minor,18,tiny-dataset-first-iteration/LYSENKO_Bez-tebe-Olesiu_25-43.musicxml,"{'Фортепіано': ['4/4', '2/4', '4/4']}",4/4,CADENCE,4,4,1,"['V0', 'V3']","V0,V3",medium-high,<b- d g>2. r4 || gG gG bB- d g4 r,"In bar 4, V0 and V3 sustain a tonic g‑minor sonority followed by rests, with melodic and rhythmic relaxation and registral settling, providing clear local closure to the phrase.",1
Bez-tebe-Olesiu,LYSENKO,g minor,18,tiny-dataset-first-iteration/LYSENKO_Bez-tebe-Olesiu_25-43.musicxml,"{'Фортепіано': ['4/4', '2/4', '4/4']}",4/4,SEQUENCE,13,14,2,['V3'],V3,medium-high,<gG g>4 <b- d g> <aA a> <a c f#> | <bB- b-> <g d b-> <c c> <g a e->,"In V3 bars 13–14, a quarter‑note chordal pattern in bar 13 is immediately restated in bar 14 at a different pitch level with preserved rhythm and closely related intervallic motion, forming a short harmonic sequence.",1
Polonaise-de-Concert,LYSENKO,E major,16,tiny-dataset-first-iteration/LYSENKO_Polonaise-de-Concert_47-63.musicxml,{'Фортепіано': ['3/4']},3/4,THEME,8,11,4,['V0'],V0,high,<g# e g#>8 <b g# b> <d# g# d'#>4~ <d# g# d'#>8 c'#16 d'# <c# g# c'#> <b b> | <c# g# c'#>8 <g# g#> <b g# b>4~ <b g# b>8 c'#16 b a g# | b8 a16 b a g# a4~ a8 g#16 f# | b8 a16 g# <a f#>4 <a c#>16 e d# f#,"Bars 8–11 in V0 form a continuous, prominent melodic line with consistent rhythm and contour, clearly standing out over the accompaniment and spanning a four‑bar unit typical of a theme.",9
Polonaise-de-Concert,LYSENKO,E major,16,tiny-dataset-first-iteration/LYSENKO_Polonaise-de-Concert_47-63.musicxml,{'Фортепіано': ['3/4']},3/4,MOTIF,4,5,2,['V0'],V0,high,trip{e16} trip{f#} trip{f##} g#8 trip{e16} trip{f#} trip{f##} g#8 trip{e16} trip{f#} trip{f##} g#8 | trip{<e e'>16} trip{<f# f'#>} trip{<f## f'##>} <g# g'#>8 trip{<e e'>16} trip{<f# f'#>} trip{<f## f'##>} <g# g'#>8 trip{<e e'>16} trip{<f# f'#>} trip{<f## f'##>} g'#8,"The recurring triplet figure e–f#–f## leading to g# is repeated several times with the same rhythm and intervals in bars 4–5, first in single notes then in doubled octaves, forming a clear short motivic cell.",9
Polonaise-de-Concert,LYSENKO,E major,16,tiny-dataset-first-iteration/LYSENKO_Polonaise-de-Concert_47-63.musicxml,{'Фортепіано': ['3/4']},3/4,PHRASE,8,11,4,['V0'],V0,medium-high,<g# e g#>8 <b g# b> <d# g# d'#>4~ <d# g# d'#>8 c'#16 d'# <c# g# c'#> <b b> | <c# g# c'#>8 <g# g#> <b g# b>4~ <b g# b>8 c'#16 b a g# | b8 a16 b a g# a4~ a8 g#16 f# | b8 a16 g# <a f#>4 <a c#>16 e d# f#,"The soprano in bars 8–11 outlines a single, continuous melodic span with a clear beginning in bar 8 and a point of relative repose and registral settling in bar 11, matching a four‑bar phrase unit.",9
PRELUDE,LYSENKO,E- major,16,tiny-dataset-first-iteration/LYSENKO_PRELUDE_16-32.musicxml,{'Piano': ['Unknown']},Unknown,THEME,2,5,4,['V0'],V0,high,[2] <b- g' b'->4. <e- e'->8 <g g'> <b- b'-> <d' f'# d''>8. <c' c''>16 | [3] <b- g' b'->8 <e'- e''-> <f'n f''> <e'- e''-> <g' g''> <d' d''> <e'- e''-> <c' c''> | [4] <b- g' b'->4. <e- e'->8 trip{<g g'>} trip{<a- a'->} trip{<b- b'->} <d' f'# d''>8. <c' c''>16 | [5] <b- g' b'->8 <e'- e''-> <f'n f''> <e'- e''-> <g' g''>8. <f' f''>16 trip{<f' f''>8} trip{<e'- e''->} trip{<c' c''>},"Bars 2–5 in V0 form a continuous, clearly profiled idea: each bar begins from the same <b- g' b'-> sonority, continues with similar E♭–F–G–C motion and repeated dotted-plus-eighth/tuplets rhythm, and is distinct from the surrounding material.",8
PRELUDE,LYSENKO,E- major,16,tiny-dataset-first-iteration/LYSENKO_PRELUDE_16-32.musicxml,{'Piano': ['Unknown']},Unknown,THEME,10,12,3,['V0'],V0,high,[10] <b- g' b'->4. <e- e'->8 <g g'> <b- b'-> <d' f'# d''>8. <c' c''>16 | [11] <b- g' b'->8 <e'- e''-> <f'n f''> <e'- e''-> <g' g''> <d' d''> <e'- e''-> <c' c''> | [12] <bn d' g' b'n>4. <d d'>8 <g g'> <b b'> <d' f'# d''>8. <c' c''>16,"Bars 10–12 in V0 closely match bars 2–4 in contour, chord types, and rhythm, again starting from the accented <b- g' b'-> sonority and following the same dotted plus flowing-eighth pattern, making this a clear thematic reprise.",8
PRELUDE,LYSENKO,E- major,16,tiny-dataset-first-iteration/LYSENKO_PRELUDE_16-32.musicxml,{'Piano': ['Unknown']},Unknown,MOTIF,2,3,2,['V0'],V0,medium-high,[2] <b- g' b'->4. <e- e'->8 <g g'> <b- b'-> | [3] <b- g' b'->8 <e'- e''-> <f'n f''> <e'- e''->,"Within the theme, the move from the accented <b- g' b'-> sonority to stepwise motion through E♭ and F with a dotted attack followed by shorter notes recurs in bars 2–3 and later variants, giving a short, recognizable cell.",8
PRELUDE,LYSENKO,E- major,16,tiny-dataset-first-iteration/LYSENKO_PRELUDE_16-32.musicxml,{'Piano': ['Unknown']},Unknown,SEQUENCE,2,4,3,['V2'],V2,high,[2] eE-16 bB- e- g b- g e- bB- gG bB- e- g e- f# an c | [3] e- g b- e- g e- b- g b- e- g8 r4 | [4] eE-16 bB- e- g b- g e- bB- gG bB- e- g e- f# an c,"In V2, bars 2 and 4 repeat the same arpeggiated 16th‑note pattern almost exactly in pitch and rhythm, with bar 3 presenting a shortened version of the same pattern, producing a clear sequential repetition of the accompanimental figure across bars 2–4.",8
PRELUDE,LYSENKO,E- major,16,tiny-dataset-first-iteration/LYSENKO_PRELUDE_16-32.musicxml,{'Piano': ['Unknown']},Unknown,PHRASE,2,5,4,"['V0', 'V2']","V0,V2",medium-high,[2] <b- g' b'->4. <e- e'->8 <g g'> <b- b'-> <d' f'# d''>8. <c' c''>16 | [3] <b- g' b'->8 <e'- e''-> <f'n f''> <e'- e''-> <g' g''> <d' d''> <e'- e''-> <c' c''> | [4] <b- g' b'->4. <e- e'->8 trip{<g g'>} trip{<a- a'->} trip{<b- b'->} <d' f'# d''>8. <c' c''>16 | [5] <b- g' b'->8 <e'- e''-> <f'n f''> <e'- e''-> <g' g''>8. <f' f''>16 trip{<f' f''>8} trip{<e'- e''->} trip{<c' c''>} || [2] eE-16 bB- e- g b- g e- bB- gG bB- e- g e- f# an c | [3] e- g b- e- g e- b- g b- e- g8 r4 | [4] eE-16 bB- e- g b- g e- bB- gG bB- e- g e- f# an c | [5] e- g b- e- b- g e- b- g b- e-8 r4,"Bars 2–5 form a continuous unit in which V0 maintains the same thematic idea over a consistent arpeggiated accompaniment in V2, with a build toward bar 5 and then a slight relaxation, making this span coherent and distinct from the surrounding material.",8
PRELUDE,LYSENKO,E- major,16,tiny-dataset-first-iteration/LYSENKO_PRELUDE_16-32.musicxml,{'Piano': ['Unknown']},Unknown,CADENCE,5,5,1,"['V0', 'V2']","V0,V2",medium-high,[5] <b- g' b'->8 <e'- e''-> <f'n f''> <e'- e''-> <g' g''>8. <f' f''>16 trip{<f' f''>8} trip{<e'- e''->} trip{<c' c''>} || [5] e- g b- e- b- g e- b- g b- e-8 r4,"At the end of bar 5, the melodic line in V0 descends through G′–F′–E♭′ and settles on C′/C″ while the accompaniment in V2 completes its arpeggio pattern and then rests, producing local registral and rhythmic relaxation that closes the phrase.",8
PRELUDE,LYSENKO,E- major,16,tiny-dataset-first-iteration/LYSENKO_PRELUDE_16-32.musicxml,{'Piano': ['Unknown']},Unknown,MOTIF,14,16,3,['V0'],V0,medium-high,[14] g'4. g'8 f'8. g'32 f' e'-8 d' | [15] c' e'- b-4 a-8 b- d'16 c'8 b-16 | [16] g'4. g'8 f'8. g'32 f' e'-8 d',"In V0, bars 14 and 16 present an almost identical figure built on repeated G′ descending through F′ and E♭′ to D′ with the same dotted‑plus‑32nd rhythm, bracketing the contrasting material in bar 15 and forming a short, clearly defined closing idea.",8
Valse,STEPOVYI,G major,16,tiny-dataset-first-iteration/STEPOVYI_Valse_25-41.musicxml,{'Фортепіано': ['3/4']},3/4,THEME,1,8,8,['V0'],V0,high,e'2 b'4 | a' f'# d' | d'8 b b4 f'# | <f# d'>2 r4 | d2 d'4 | c'n8 d' b4 a | g8 a f#4 e | d2.,"Bars 1–8 in V0 form a continuous, prominent melodic line in the upper register, clearly distinct from the accompaniment and ending in a long note on d in bar 8. The same melodic material returns later, confirming its role as the main theme.",15
Valse,STEPOVYI,G major,16,tiny-dataset-first-iteration/STEPOVYI_Valse_25-41.musicxml,{'Фортепіано': ['3/4']},3/4,THEME,13,16,4,['V0'],V0,high,d'2 d''4 | c''n8 d'' b'4 a' | g'8 a' f'#4 e' | d'2.,"Bars 13–16 in V0 restate the earlier thematic material in a higher register with closely corresponding contour and rhythms, forming a clear reprise of the initial theme.",15
Valse,STEPOVYI,G major,16,tiny-dataset-first-iteration/STEPOVYI_Valse_25-41.musicxml,{'Фортепіано': ['3/4']},3/4,MOTIF,6,7,2,['V0'],V0,medium-high,c'n8 d' b4 a | g8 a f#4 e,Bars 6–7 in V0 present a compact 2-bar idea built from similar 8th–8th–quarter–quarter figures and stepwise motion. This locally coherent cell is clearly articulated within the theme.,15
Valse,STEPOVYI,G major,16,tiny-dataset-first-iteration/STEPOVYI_Valse_25-41.musicxml,{'Фортепіано': ['3/4']},3/4,MOTIF,14,15,2,['V0'],V0,medium-high,c''n8 d'' b'4 a' | g'8 a' f'#4 e',"Bars 14–15 in V0 repeat the bar-6–7 idea an octave higher with very similar rhythm and contour, making it recognizably the same motivic cell in the later statement.",15
Valse,STEPOVYI,G major,16,tiny-dataset-first-iteration/STEPOVYI_Valse_25-41.musicxml,{'Фортепіано': ['3/4']},3/4,PHRASE,1,8,8,"['V0', 'V2']","V0,V2",medium-high,e'2 b'4 | a' f'# d' | d'8 b b4 f'# | <f# d'>2 r4 | d2 d'4 | c'n8 d' b4 a | g8 a f#4 e | d2. || r8 a e4 a | d a d | e a aA | d a d | gG b d | gG cn d | gG a g | gG f# d,"Bars 1–8 form a continuous melodic unit in V0 supported by a consistent bass in V2, leading to a lengthened note on d and a clear sense of local closure at bar 8.",15
Chanson,STEPOVYI,a minor,16,tiny-dataset-first-iteration/STEPOVYI_Chanson_1-16.musicxml,"{'Piano': ['4/4', '3/4']}",4/4,THEME,2,5,4,['V0'],V0,medium-high,a4~ a16 b c' d' e'4~ e'16 d' c' b | a4~ a16 g e g f#8 fn e4 | a~ a16 b c' d' e'8 g' f'16 e'~ e' d' c' b | a4~ a16 b c' b a8. g#16 b4,"In V0, bars 2–5 form a continuous, prominent melodic span characterized by the recurring a–b–c'–d'–e' ascent and related figures, with consistent rhythm and contour. This material returns in bars 10–11, supporting its status as the primary thematic idea.",2
Chanson,STEPOVYI,a minor,16,tiny-dataset-first-iteration/STEPOVYI_Chanson_1-16.musicxml,"{'Piano': ['4/4', '3/4']}",4/4,THEME,10,11,2,['V0'],V0,medium-high,a~ a16 b c' d' e'4~ e'16 d' c' b | a4~ a16 g e g f#8 fn e4,"V0 in bars 10–11 closely restates the melodic material of bars 2–3, with nearly identical rhythm and contour, functioning as a clear thematic reprise in abbreviated form.",2
Chanson,STEPOVYI,a minor,16,tiny-dataset-first-iteration/STEPOVYI_Chanson_1-16.musicxml,"{'Piano': ['4/4', '3/4']}",4/4,MOTIF,2,2,1,['V0'],V0,high,a4~ a16 b c' d' e'4~ e'16 d' c' b,"In bar 2 V0, the compact pattern built on the rising a–b–c'–d'–e' figure followed by a stepwise descent forms a clearly bounded, rhythmically distinctive cell that recurs in bar 10.",2
Chanson,STEPOVYI,a minor,16,tiny-dataset-first-iteration/STEPOVYI_Chanson_1-16.musicxml,"{'Piano': ['4/4', '3/4']}",4/4,MOTIF,10,10,1,['V0'],V0,high,a~ a16 b c' d' e'4~ e'16 d' c' b,"Bar 10 V0 presents the same motivic pattern as bar 2 in contour and rhythm, confirming it as a repeated motivic cell.",2
Chanson,STEPOVYI,a minor,16,tiny-dataset-first-iteration/STEPOVYI_Chanson_1-16.musicxml,"{'Piano': ['4/4', '3/4']}",4/4,PHRASE,2,5,4,['V0'],V0,medium-high,a4~ a16 b c' d' e'4~ e'16 d' c' b | a4~ a16 g e g f#8 fn e4 | a~ a16 b c' d' e'8 g' f'16 e'~ e' d' c' b | a4~ a16 b c' b a8. g#16 b4,"V0 bars 2–5 form a single, continuous melodic unit with a clear beginning in bar 2, ongoing development through bars 3–4, and a closing gesture with descending motion and longer values in bar 5.",2
